-8.300000000000000711e+00,-3.574999999999999734e+00,0.000000000000000000e+00
-9.900000000000000355e+00,-3.445000000000000284e+00,0.000000000000000000e+00
-8.099999999999999645e+00,-5.004999999999999893e+00,0.000000000000000000e+00
-7.099999999999999645e+00,-1.365000000000000213e+00,0.000000000000000000e+00
-9.000000000000003553e-01,-2.274999999999999467e+00,1.000000000000000000e+00
-3.000000000000007105e-01,-2.405000000000000249e+00,0.000000000000000000e+00
-6.500000000000000000e+00,-1.950000000000002842e-01,0.000000000000000000e+00
-8.500000000000000000e+00,-3.314999999999999947e+00,0.000000000000000000e+00
-1.099999999999999645e+00,-4.745000000000000107e+00,0.000000000000000000e+00
-2.500000000000000000e+00,-3.250000000000001776e-01,0.000000000000000000e+00
-1.500000000000000000e+00,-4.615000000000000213e+00,0.000000000000000000e+00
-4.900000000000000355e+00,-2.144999999999999574e+00,1.000000000000000000e+00
-4.699999999999999289e+00,-6.044999999999999929e+00,0.000000000000000000e+00
-3.299999999999999822e+00,-4.224999999999999645e+00,0.000000000000000000e+00
-4.500000000000000000e+00,-2.665000000000000036e+00,1.000000000000000000e+00
-5.500000000000000000e+00,-2.014999999999999680e+00,0.000000000000000000e+00
-6.900000000000000355e+00,-1.495000000000000107e+00,0.000000000000000000e+00
-3.700000000000000178e+00,-5.915000000000000036e+00,0.000000000000000000e+00
-9.500000000000000000e+00,-3.834999999999999964e+00,0.000000000000000000e+00
-6.999999999999992895e-01,-3.964999999999999858e+00,0.000000000000000000e+00
-8.900000000000000355e+00,-1.104999999999999538e+00,1.000000000000000000e+00
-7.500000000000000000e+00,-5.134999999999999787e+00,0.000000000000000000e+00
-2.700000000000000178e+00,-3.054999999999999716e+00,0.000000000000000000e+00
-5.300000000000000711e+00,-1.754999999999999893e+00,0.000000000000000000e+00
-5.099999999999999645e+00,-2.535000000000000142e+00,0.000000000000000000e+00
-3.900000000000000355e+00,-6.434999999999999609e+00,0.000000000000000000e+00
-3.500000000000000000e+00,-4.875000000000000000e+00,0.000000000000000000e+00
-5.000000000000000000e-01,-3.705000000000000071e+00,0.000000000000000000e+00
-2.299999999999999822e+00,-3.185000000000000053e+00,1.000000000000000000e+00
-9.699999999999999289e+00,-6.174999999999999822e+00,0.000000000000000000e+00
-7.700000000000000178e+00,-5.264999999999999680e+00,0.000000000000000000e+00
-2.099999999999999645e+00,-4.484999999999999432e+00,0.000000000000000000e+00
-1.300000000000000711e+00,-1.884999999999999787e+00,0.000000000000000000e+00
-1.899999999999998579e+00,-2.794999999999999485e+00,1.000000000000000000e+00
-2.900000000000000355e+00,-6.304999999999999716e+00,1.000000000000000000e+00
-6.099999999999999645e+00,-9.750000000000005329e-01,0.000000000000000000e+00
-5.899999999999999467e+00,-1.234999999999999432e+00,0.000000000000000000e+00
-5.700000000000000178e+00,-5.655000000000000249e+00,1.000000000000000000e+00
-9.999999999999964473e-02,-5.394999999999999574e+00,0.000000000000000000e+00
-7.299999999999999822e+00,-6.500000000000039080e-02,0.000000000000000000e+00
-6.699999999999999289e+00,-4.355000000000000426e+00,0.000000000000000000e+00
-3.099999999999999645e+00,-5.785000000000000142e+00,0.000000000000000000e+00
-1.699999999999999289e+00,-5.525000000000000355e+00,0.000000000000000000e+00
-7.900000000000000355e+00,-1.625000000000000000e+00,0.000000000000000000e+00
-9.300000000000000711e+00,-2.924999999999999822e+00,0.000000000000000000e+00
-4.920559205501048083e+00,-4.656860213545011007e+00,1.000000000000000000e+00
-7.835430306980214255e+00,-5.698269870854386632e+00,0.000000000000000000e+00
-2.208544431202925651e+00,-3.296907479765478488e+00,1.000000000000000000e+00
-2.162505042330584715e+00,-3.713109367021629303e+00,0.000000000000000000e+00
-7.650697357873177396e+00,-2.134964572197839416e-01,0.000000000000000000e+00
-8.586763594490552265e+00,-4.642505898506297690e+00,0.000000000000000000e+00
-7.921954704506664946e+00,-1.967388709561611826e+00,0.000000000000000000e+00
-9.508133209981316725e+00,-3.264499364159407335e+00,0.000000000000000000e+00
-8.093501046486885286e+00,-2.064438368840537663e-01,0.000000000000000000e+00
-3.156662527364799686e+00,-1.712842799412896078e+00,0.000000000000000000e+00
-8.024205035056917623e+00,-4.153253256324374476e+00,0.000000000000000000e+00
-8.915549638819257439e+00,-2.418613395812914568e+00,1.000000000000000000e+00
-7.579042925466739078e+00,-5.999328529681594802e+00,0.000000000000000000e+00
-7.218380261827157085e+00,-3.690766362791318311e+00,0.000000000000000000e+00
-7.029897927745926367e+00,-5.503142610685220149e+00,0.000000000000000000e+00
-9.927824645649808488e+00,-2.178134219290175366e+00,0.000000000000000000e+00
-9.047251998075404700e+00,-4.188865550808092308e+00,0.000000000000000000e+00
-7.176403247650124051e+00,-5.314764960311983977e+00,0.000000000000000000e+00
-7.726125449988519911e+00,-3.414084377362155642e+00,0.000000000000000000e+00
-4.801324620718975922e+00,-4.484600732194555128e+00,1.000000000000000000e+00
-8.273409653241385442e+00,-1.455002793761399182e+00,0.000000000000000000e+00
-7.603583067812818896e+00,-4.138916260112045720e+00,0.000000000000000000e+00
-3.009908606513408635e+00,-4.824363993823211239e+00,0.000000000000000000e+00
-3.749264373614058954e+00,-1.848664435557514807e+00,0.000000000000000000e+00
-5.211838562661133878e+00,-5.342842434934969020e+00,0.000000000000000000e+00
-5.400000000000000355e+00,-6.110000000000000320e+00,0.000000000000000000e+00
-1.999999999999992895e-01,-1.950000000000000178e+00,0.000000000000000000e+00
-7.400000000000000355e+00,-1.299999999999998934e-01,0.000000000000000000e+00
-1.799999999999998934e+00,-5.849999999999999645e+00,0.000000000000000000e+00
-9.400000000000000355e+00,-3.769999999999999574e+00,0.000000000000000000e+00
-1.400000000000000355e+00,-5.330000000000000071e+00,0.000000000000000000e+00
-5.000000000000000000e+00,-1.169999999999999929e+00,0.000000000000000000e+00
-2.199999999999999289e+00,-6.370000000000000107e+00,0.000000000000000000e+00
-4.199999999999999289e+00,-5.589999999999999858e+00,0.000000000000000000e+00
-5.799999999999999822e+00,-4.029999999999999361e+00,0.000000000000000000e+00
-6.600000000000000533e+00,-4.810000000000000497e+00,0.000000000000000000e+00
-6.200000000000000178e+00,-3.900000000000005684e-01,0.000000000000000000e+00
-3.000000000000000000e+00,-2.469999999999999751e+00,0.000000000000000000e+00
-8.599999999999999645e+00,-4.549999999999999822e+00,0.000000000000000000e+00
-7.799999999999999822e+00,-9.100000000000001421e-01,0.000000000000000000e+00
-6.000000000000014211e-01,-2.209999999999999964e+00,0.000000000000000000e+00
-3.799999999999999822e+00,-4.290000000000000036e+00,0.000000000000000000e+00
-9.800000000000000711e+00,-1.690000000000000391e+00,0.000000000000000000e+00
-9.000000000000000000e+00,-3.510000000000000231e+00,0.000000000000000000e+00
-7.000000000000000000e+00,-5.070000000000000284e+00,0.000000000000000000e+00
-2.599999999999999645e+00,-2.989999999999999769e+00,0.000000000000000000e+00
-4.599999999999999645e+00,-2.729999999999999538e+00,1.000000000000000000e+00
-1.000000000000000000e+00,-1.429999999999999716e+00,0.000000000000000000e+00
-3.399999999999999467e+00,-3.250000000000000000e+00,1.000000000000000000e+00
-8.199999999999999289e+00,-6.499999999999994671e-01,0.000000000000000000e+00
-5.731236143774296465e-01,-3.090724400368802804e-01,1.000000000000000000e+00
-5.563242307090407124e+00,-3.293201937175755933e+00,0.000000000000000000e+00
-1.532783303107770223e+00,-5.767373088695032735e+00,0.000000000000000000e+00
-2.477442426569038680e+00,-1.452879163913140204e+00,0.000000000000000000e+00
-2.075155193624143912e+00,-3.007767809876860099e+00,0.000000000000000000e+00
-3.189827266958288554e+00,-4.323099978304657753e+00,0.000000000000000000e+00
-4.430861905212658769e+00,-8.173644192475792991e-01,1.000000000000000000e+00
-9.044723940996778566e+00,-2.866817346793304466e-01,0.000000000000000000e+00
-5.398503332412861511e+00,-3.958293326835867543e+00,1.000000000000000000e+00
-9.385300360439858380e+00,-2.568090774350722416e+00,1.000000000000000000e+00
-2.259992225568808522e+00,-7.630858541023366470e-01,0.000000000000000000e+00
-8.683929440893464857e+00,-1.475938649398655045e+00,0.000000000000000000e+00
-1.513722162875575705e+00,-6.013757269970813724e+00,0.000000000000000000e+00
-9.081617332881718241e+00,-6.513082281160560427e-01,0.000000000000000000e+00
-8.735270620775246186e-01,-1.925024110607159500e+00,0.000000000000000000e+00
-3.211448194016373492e+00,-4.741580640836076554e+00,0.000000000000000000e+00
-1.296263067348792930e-01,-5.566774304632757797e+00,0.000000000000000000e+00
-2.372104237270789007e+00,-5.268773405039903324e+00,0.000000000000000000e+00
-8.142541844947421836e+00,-6.465638211146696790e+00,1.000000000000000000e+00
-5.929044213277709474e+00,-6.289882147059058681e+00,0.000000000000000000e+00
-2.175933518848474080e-01,-3.154638744778710091e+00,0.000000000000000000e+00
-1.313766926423413750e+00,-1.271164731870472409e+00,1.000000000000000000e+00
-5.740123104164965184e+00,-4.237989714965140209e+00,0.000000000000000000e+00
-8.438284931817214840e-01,-4.800231386960669866e+00,0.000000000000000000e+00
-4.482610998238239830e+00,-2.522692120529227200e+00,1.000000000000000000e+00
-6.000000000000014211e-01,-4.549999999999999822e+00,0.000000000000000000e+00
-4.599999999999999645e+00,-6.110000000000000320e+00,0.000000000000000000e+00
-8.199999999999999289e+00,-1.169999999999999929e+00,0.000000000000000000e+00
-3.000000000000000000e+00,-2.469999999999999751e+00,0.000000000000000000e+00
-1.400000000000000355e+00,-3.250000000000000000e+00,0.000000000000000000e+00
-5.400000000000000355e+00,-1.690000000000000391e+00,0.000000000000000000e+00
-1.999999999999992895e-01,-9.100000000000001421e-01,0.000000000000000000e+00
-2.199999999999999289e+00,-1.429999999999999716e+00,0.000000000000000000e+00
-1.799999999999998934e+00,-5.070000000000000284e+00,0.000000000000000000e+00
-9.400000000000000355e+00,-6.499999999999994671e-01,0.000000000000000000e+00
-6.600000000000000533e+00,-1.950000000000000178e+00,0.000000000000000000e+00
-7.400000000000000355e+00,-2.989999999999999769e+00,0.000000000000000000e+00
-6.200000000000000178e+00,-5.330000000000000071e+00,0.000000000000000000e+00
-3.399999999999999467e+00,-3.510000000000000231e+00,0.000000000000000000e+00
-7.000000000000000000e+00,-4.029999999999999361e+00,0.000000000000000000e+00
-3.799999999999999822e+00,-5.589999999999999858e+00,0.000000000000000000e+00
-2.599999999999999645e+00,-4.290000000000000036e+00,0.000000000000000000e+00
-7.799999999999999822e+00,-3.769999999999999574e+00,0.000000000000000000e+00
-9.800000000000000711e+00,-3.900000000000005684e-01,0.000000000000000000e+00
-5.799999999999999822e+00,-1.299999999999998934e-01,0.000000000000000000e+00
-9.000000000000000000e+00,-4.810000000000000497e+00,0.000000000000000000e+00
-1.000000000000000000e+00,-2.209999999999999964e+00,0.000000000000000000e+00
-5.000000000000000000e+00,-6.370000000000000107e+00,0.000000000000000000e+00
-8.599999999999999645e+00,-2.729999999999999538e+00,0.000000000000000000e+00
-4.199999999999999289e+00,-5.849999999999999645e+00,1.000000000000000000e+00
-3.894746868508037529e+00,-1.887355248832346177e+00,0.000000000000000000e+00
-2.754853985626400714e+00,-3.906396536005794839e+00,0.000000000000000000e+00
-6.485150315506765573e+00,-2.726945005909913178e-01,0.000000000000000000e+00
-4.960044087128032686e-01,-3.125836398740395872e+00,0.000000000000000000e+00
-4.335829886409148237e+00,-3.715768118638200335e+00,1.000000000000000000e+00
-4.881682278362763583e+00,-4.158845967157906998e-01,0.000000000000000000e+00
-5.717419711041862307e+00,-4.133824945629827496e+00,0.000000000000000000e+00
-2.379579797044044653e+00,-1.914631659829227672e+00,0.000000000000000000e+00
-6.680173571496084151e+00,-1.545807963908397475e+00,0.000000000000000000e+00
-8.097200127775980860e-01,-1.859346729991131042e+00,0.000000000000000000e+00
-6.022607655284154760e+00,-4.535639988611829487e+00,0.000000000000000000e+00
-1.646200395037626052e+00,-8.930266378977096409e-01,1.000000000000000000e+00
-5.995522370023977921e+00,-6.199668974533505406e-01,0.000000000000000000e+00
-1.001973149618830661e+00,-2.474533170265901916e+00,1.000000000000000000e+00
-9.264166646061735122e+00,-2.263865305683254725e+00,0.000000000000000000e+00
-3.187978650485224996e+00,-3.037325794212604180e-01,0.000000000000000000e+00
-7.217750448719848499e+00,-5.279968837516251234e+00,0.000000000000000000e+00
-9.358812720255381024e+00,-2.085569482270834385e+00,0.000000000000000000e+00
-3.439757006158413510e+00,-3.119370670719481264e+00,1.000000000000000000e+00
-5.758557337607561166e+00,-3.587770943369910537e+00,0.000000000000000000e+00
-4.211609039904558038e+00,-4.801530229967987395e-01,0.000000000000000000e+00
-2.764824821475688310e+00,-2.442154782060615759e+00,0.000000000000000000e+00
-4.791452209211150226e+00,-6.448172043493868522e+00,0.000000000000000000e+00
-4.683210922364945183e+00,-3.685913765606031678e+00,1.000000000000000000e+00
-6.991214661508974970e+00,-4.009709082262503443e+00,0.000000000000000000e+00
-2.599999999999999645e+00,-4.029999999999999361e+00,0.000000000000000000e+00
-8.599999999999999645e+00,-1.690000000000000391e+00,0.000000000000000000e+00
-4.199999999999999289e+00,-6.110000000000000320e+00,0.000000000000000000e+00
-8.199999999999999289e+00,-4.549999999999999822e+00,0.000000000000000000e+00
-1.799999999999998934e+00,-2.729999999999999538e+00,1.000000000000000000e+00
-4.599999999999999645e+00,-1.169999999999999929e+00,0.000000000000000000e+00
-6.200000000000000178e+00,-4.290000000000000036e+00,0.000000000000000000e+00
-6.600000000000000533e+00,-9.100000000000001421e-01,0.000000000000000000e+00
-6.000000000000014211e-01,-3.250000000000000000e+00,0.000000000000000000e+00
-7.799999999999999822e+00,-2.209999999999999964e+00,0.000000000000000000e+00
-3.799999999999999822e+00,-3.769999999999999574e+00,0.000000000000000000e+00
-7.000000000000000000e+00,-1.950000000000000178e+00,0.000000000000000000e+00
-9.800000000000000711e+00,-6.370000000000000107e+00,1.000000000000000000e+00
-1.000000000000000000e+00,-5.070000000000000284e+00,0.000000000000000000e+00
-3.000000000000000000e+00,-1.429999999999999716e+00,0.000000000000000000e+00
-5.400000000000000355e+00,-3.900000000000005684e-01,0.000000000000000000e+00
-5.000000000000000000e+00,-4.810000000000000497e+00,0.000000000000000000e+00
-7.400000000000000355e+00,-6.499999999999994671e-01,0.000000000000000000e+00
-5.799999999999999822e+00,-2.469999999999999751e+00,0.000000000000000000e+00
-9.400000000000000355e+00,-5.849999999999999645e+00,0.000000000000000000e+00
-3.399999999999999467e+00,-2.989999999999999769e+00,1.000000000000000000e+00
-2.199999999999999289e+00,-1.299999999999998934e-01,1.000000000000000000e+00
-1.999999999999992895e-01,-5.589999999999999858e+00,0.000000000000000000e+00
-1.400000000000000355e+00,-3.510000000000000231e+00,0.000000000000000000e+00
-9.000000000000000000e+00,-5.330000000000000071e+00,0.000000000000000000e+00
-9.025128136889627228e+00,-1.510970130728892080e+00,0.000000000000000000e+00
-2.097727592280907771e+00,-2.616879553581687112e+00,0.000000000000000000e+00
-4.677712229533415034e+00,-6.145349076523025644e+00,0.000000000000000000e+00
-1.608043812951473583e+00,-2.464295033991803052e+00,0.000000000000000000e+00
-9.457311891945558102e+00,-6.209059589769577947e+00,1.000000000000000000e+00
-4.280533166007992385e+00,-5.965548737056819206e+00,1.000000000000000000e+00
-8.374875759026572553e+00,-1.492358788031532768e+00,0.000000000000000000e+00
-7.328582446785456561e+00,-5.003846867185831826e+00,0.000000000000000000e+00
-8.857925686445417668e+00,-2.874341928467638585e+00,0.000000000000000000e+00
-4.692912034890394324e+00,-5.085997607665282416e+00,0.000000000000000000e+00
-2.203649491500749846e+00,-3.431261357409886692e+00,1.000000000000000000e+00
-2.212162282348689502e+00,-8.369713049578093589e-01,0.000000000000000000e+00
-9.986628873815247331e+00,-1.315652990076858764e+00,1.000000000000000000e+00
-9.100514853508791191e+00,-6.038255452274946755e+00,0.000000000000000000e+00
-4.580616537523063414e+00,-3.102880040184468946e+00,1.000000000000000000e+00
-1.143308036580425124e+00,-6.325429125012487219e-01,0.000000000000000000e+00
-8.596165339926427507e+00,-6.491866741263012663e+00,0.000000000000000000e+00
-8.912798232301677004e+00,-7.489319384979173932e-01,0.000000000000000000e+00
-4.814715334261675750e+00,-6.390963766657566936e+00,0.000000000000000000e+00
-7.970513312642673931e+00,-5.358284461790672637e+00,0.000000000000000000e+00
-1.266339864648811542e+00,-1.337492750528411101e+00,1.000000000000000000e+00
-3.195777439808723308e+00,-2.178094687390651707e+00,0.000000000000000000e+00
-2.477788406011606881e+00,-2.029827469039212851e+00,0.000000000000000000e+00
-6.940216839499029788e+00,-4.148447860507617158e+00,0.000000000000000000e+00
-1.644247754697756747e+00,-3.157762951749444547e+00,0.000000000000000000e+00
-5.000000000000000000e+00,-3.900000000000005684e-01,0.000000000000000000e+00
-7.000000000000000000e+00,-4.810000000000000497e+00,0.000000000000000000e+00
-9.000000000000000000e+00,-5.849999999999999645e+00,0.000000000000000000e+00
-8.199999999999999289e+00,-5.330000000000000071e+00,0.000000000000000000e+00
-8.599999999999999645e+00,-4.290000000000000036e+00,0.000000000000000000e+00
-9.800000000000000711e+00,-5.589999999999999858e+00,0.000000000000000000e+00
-6.000000000000014211e-01,-2.989999999999999769e+00,1.000000000000000000e+00
-2.599999999999999645e+00,-6.499999999999994671e-01,0.000000000000000000e+00
-6.200000000000000178e+00,-1.429999999999999716e+00,0.000000000000000000e+00
-7.799999999999999822e+00,-4.029999999999999361e+00,0.000000000000000000e+00
-3.000000000000000000e+00,-6.370000000000000107e+00,1.000000000000000000e+00
-1.000000000000000000e+00,-3.510000000000000231e+00,0.000000000000000000e+00
-1.999999999999992895e-01,-5.070000000000000284e+00,0.000000000000000000e+00
-4.599999999999999645e+00,-9.100000000000001421e-01,0.000000000000000000e+00
-4.199999999999999289e+00,-2.209999999999999964e+00,0.000000000000000000e+00
-6.600000000000000533e+00,-1.690000000000000391e+00,0.000000000000000000e+00
-1.799999999999998934e+00,-3.769999999999999574e+00,0.000000000000000000e+00
-3.799999999999999822e+00,-4.549999999999999822e+00,0.000000000000000000e+00
-1.400000000000000355e+00,-1.299999999999998934e-01,0.000000000000000000e+00
-5.799999999999999822e+00,-2.729999999999999538e+00,0.000000000000000000e+00
-7.400000000000000355e+00,-3.250000000000000000e+00,0.000000000000000000e+00
-5.400000000000000355e+00,-1.169999999999999929e+00,0.000000000000000000e+00
-2.199999999999999289e+00,-1.950000000000000178e+00,0.000000000000000000e+00
-9.400000000000000355e+00,-2.469999999999999751e+00,1.000000000000000000e+00
-3.399999999999999467e+00,-6.110000000000000320e+00,0.000000000000000000e+00
-2.039609012352876505e-01,-2.523466737028964069e+00,0.000000000000000000e+00
-8.905820079382312571e+00,-1.374212477679902733e+00,0.000000000000000000e+00
-5.774355871499617265e+00,-2.441993611769138539e+00,0.000000000000000000e+00
-4.227074556244087233e+00,-4.005014293956019600e+00,1.000000000000000000e+00
-1.145539321746921857e+00,-3.743085033839587794e+00,0.000000000000000000e+00
-2.935974478106057717e+00,-1.738494555676457942e+00,0.000000000000000000e+00
-9.380377723482837382e+00,-2.253836178146277902e+00,1.000000000000000000e+00
-4.532282984770585443e+00,-4.112134319395662985e+00,1.000000000000000000e+00
-8.361874376980276580e+00,-7.555438262630094215e-01,0.000000000000000000e+00
-2.085255475027299354e+00,-1.754786014568191277e+00,0.000000000000000000e+00
-4.310045732397529861e+00,-4.126236426683130176e+00,1.000000000000000000e+00
-9.570612059255497073e+00,-1.784613672923196503e+00,0.000000000000000000e+00
-3.868445778950403202e+00,-3.782344230922508377e+00,0.000000000000000000e+00
-1.880739210374489545e+00,-1.361250187353164165e+00,0.000000000000000000e+00
-5.073440208689320663e+00,-2.571559122645201700e+00,0.000000000000000000e+00
-5.390980637335715642e+00,-3.170621898678425588e+00,0.000000000000000000e+00
-2.078395918146398458e-01,-5.396668307815026822e-01,0.000000000000000000e+00
-3.432951672458833592e+00,-3.764241790285205447e+00,0.000000000000000000e+00
-1.692060713302449670e+00,-7.234170019481211966e-02,0.000000000000000000e+00
-4.758758293752176627e+00,-6.008813451780579129e+00,0.000000000000000000e+00
-1.699999999999999289e+00,-3.445000000000000284e+00,1.000000000000000000e+00
-5.300000000000000711e+00,-6.500000000000039080e-02,0.000000000000000000e+00
-3.700000000000000178e+00,-1.365000000000000213e+00,0.000000000000000000e+00
-4.900000000000000355e+00,-7.149999999999998579e-01,0.000000000000000000e+00
-5.000000000000000000e-01,-4.550000000000000711e-01,0.000000000000000000e+00
-2.599999999999999645e+00,-2.469999999999999751e+00,0.000000000000000000e+00
-9.400000000000000355e+00,-3.250000000000000000e+00,0.000000000000000000e+00
-8.599999999999999645e+00,-3.510000000000000231e+00,0.000000000000000000e+00
-5.000000000000000000e+00,-2.729999999999999538e+00,0.000000000000000000e+00
-6.600000000000000533e+00,-4.290000000000000036e+00,0.000000000000000000e+00
-3.799999999999999822e+00,-4.549999999999999822e+00,0.000000000000000000e+00
-7.799999999999999822e+00,-3.900000000000005684e-01,0.000000000000000000e+00
-3.000000000000000000e+00,-6.110000000000000320e+00,1.000000000000000000e+00
-1.999999999999992895e-01,-1.950000000000000178e+00,0.000000000000000000e+00
-2.199999999999999289e+00,-5.589999999999999858e+00,0.000000000000000000e+00
-9.800000000000000711e+00,-1.169999999999999929e+00,0.000000000000000000e+00
-7.400000000000000355e+00,-1.429999999999999716e+00,0.000000000000000000e+00
-3.399999999999999467e+00,-6.499999999999994671e-01,0.000000000000000000e+00
-6.000000000000014211e-01,-1.690000000000000391e+00,0.000000000000000000e+00
-1.000000000000000000e+00,-1.299999999999998934e-01,1.000000000000000000e+00
-5.799999999999999822e+00,-6.370000000000000107e+00,0.000000000000000000e+00
-1.400000000000000355e+00,-4.810000000000000497e+00,0.000000000000000000e+00
-6.200000000000000178e+00,-5.070000000000000284e+00,0.000000000000000000e+00
-8.199999999999999289e+00,-5.849999999999999645e+00,0.000000000000000000e+00
-4.599999999999999645e+00,-2.989999999999999769e+00,0.000000000000000000e+00
-7.000000000000000000e+00,-5.330000000000000071e+00,0.000000000000000000e+00
-1.799999999999998934e+00,-4.029999999999999361e+00,0.000000000000000000e+00
-4.199999999999999289e+00,-9.100000000000001421e-01,0.000000000000000000e+00
-5.400000000000000355e+00,-3.769999999999999574e+00,1.000000000000000000e+00
-9.000000000000000000e+00,-2.209999999999999964e+00,0.000000000000000000e+00
-1.732856430544424953e+00,-2.666034941739149122e+00,0.000000000000000000e+00
-2.922193229086471611e+00,-2.828855243180159462e-01,1.000000000000000000e+00
-4.987965597199798040e+00,-6.337101102223135385e+00,0.000000000000000000e+00
-1.897938979627056710e+00,-2.411087368757311111e+00,0.000000000000000000e+00
-4.260313933519017660e+00,-4.022948030065423453e+00,1.000000000000000000e+00
-1.767318696018394419e+00,-1.300763028587666348e+00,0.000000000000000000e+00
-8.996881424630128521e+00,-2.577973812207675408e+00,0.000000000000000000e+00
-9.471766674407417597e+00,-6.215077760160395925e+00,1.000000000000000000e+00
-4.689593920271000194e+00,-5.968780392506459087e+00,0.000000000000000000e+00
-2.209576317667494294e-01,-4.034963190748372952e-01,0.000000000000000000e+00
-1.005033887592691855e+00,-5.687919574368915931e-01,0.000000000000000000e+00
-4.647370913347945276e+00,-2.714148227891287846e+00,0.000000000000000000e+00
-5.798588417610039514e+00,-4.655295055469072629e+00,0.000000000000000000e+00
-8.779201906803166366e+00,-9.736263103266153962e-01,1.000000000000000000e+00
-9.712821825231658934e+00,-1.044412535517014184e+00,1.000000000000000000e+00
-3.939501795367243986e+00,-2.952458296513437830e+00,0.000000000000000000e+00
-5.376164527946688310e+00,-2.687836576084506213e+00,0.000000000000000000e+00
-4.622695337346983457e+00,-1.975477753507680845e+00,1.000000000000000000e+00
-2.686501633119676491e+00,-3.238510362397707176e+00,1.000000000000000000e+00
-5.633888128771537218e+00,-5.624047770881984931e+00,1.000000000000000000e+00
-5.000000000000000000e-01,-1.234999999999999432e+00,0.000000000000000000e+00
-4.299999999999998934e+00,-2.535000000000000142e+00,0.000000000000000000e+00
-1.899999999999998579e+00,-1.950000000000002842e-01,1.000000000000000000e+00
-8.699999999999999289e+00,-2.144999999999999574e+00,0.000000000000000000e+00
-3.900000000000000355e+00,-9.750000000000005329e-01,0.000000000000000000e+00
-2.599999999999999645e+00,-1.169999999999999929e+00,0.000000000000000000e+00
-8.599999999999999645e+00,-2.469999999999999751e+00,0.000000000000000000e+00
-7.799999999999999822e+00,-1.299999999999998934e-01,0.000000000000000000e+00
-7.400000000000000355e+00,-5.849999999999999645e+00,0.000000000000000000e+00
-1.999999999999992895e-01,-3.900000000000005684e-01,0.000000000000000000e+00
-2.199999999999999289e+00,-3.250000000000000000e+00,1.000000000000000000e+00
-6.600000000000000533e+00,-1.950000000000000178e+00,0.000000000000000000e+00
-9.400000000000000355e+00,-2.729999999999999538e+00,1.000000000000000000e+00
-1.799999999999998934e+00,-3.769999999999999574e+00,0.000000000000000000e+00
-6.200000000000000178e+00,-4.549999999999999822e+00,0.000000000000000000e+00
-7.000000000000000000e+00,-4.290000000000000036e+00,0.000000000000000000e+00
-4.199999999999999289e+00,-6.370000000000000107e+00,0.000000000000000000e+00
-5.000000000000000000e+00,-6.110000000000000320e+00,1.000000000000000000e+00
-9.800000000000000711e+00,-2.989999999999999769e+00,0.000000000000000000e+00
-3.000000000000000000e+00,-3.510000000000000231e+00,1.000000000000000000e+00
-3.799999999999999822e+00,-5.589999999999999858e+00,0.000000000000000000e+00
-5.400000000000000355e+00,-1.690000000000000391e+00,0.000000000000000000e+00
-3.399999999999999467e+00,-9.100000000000001421e-01,0.000000000000000000e+00
-6.000000000000014211e-01,-4.029999999999999361e+00,0.000000000000000000e+00
-1.000000000000000000e+00,-1.429999999999999716e+00,0.000000000000000000e+00
-8.199999999999999289e+00,-6.499999999999994671e-01,0.000000000000000000e+00
-5.799999999999999822e+00,-4.810000000000000497e+00,0.000000000000000000e+00
-1.400000000000000355e+00,-5.070000000000000284e+00,0.000000000000000000e+00
-9.000000000000000000e+00,-2.209999999999999964e+00,0.000000000000000000e+00
-4.599999999999999645e+00,-5.330000000000000071e+00,0.000000000000000000e+00
-2.641501714373044152e+00,-5.295172878690346252e+00,0.000000000000000000e+00
-4.301939864481365561e+00,-2.640211468274333839e-02,0.000000000000000000e+00
-1.231145683242910849e+00,-5.209078866679366371e-01,0.000000000000000000e+00
-1.557478711632104051e+00,-1.480844149188862424e+00,1.000000000000000000e+00
-3.667327244619146498e+00,-1.939239418332467935e-01,0.000000000000000000e+00
-9.862050764789808355e+00,-1.132723314293408556e+00,0.000000000000000000e+00
-1.699999999999999289e+00,-2.405000000000000249e+00,0.000000000000000000e+00
-4.500000000000000000e+00,-3.314999999999999947e+00,1.000000000000000000e+00
-3.099999999999999645e+00,-6.304999999999999716e+00,1.000000000000000000e+00
-4.100000000000000533e+00,-6.500000000000039080e-02,0.000000000000000000e+00
-1.099999999999999645e+00,-3.250000000000001776e-01,1.000000000000000000e+00
-4.900000000000000355e+00,-5.264999999999999680e+00,0.000000000000000000e+00
-8.900000000000000355e+00,-6.434999999999999609e+00,0.000000000000000000e+00
-1.500000000000000000e+00,-2.794999999999999485e+00,0.000000000000000000e+00
-4.299999999999998934e+00,-5.004999999999999893e+00,1.000000000000000000e+00
-9.900000000000000355e+00,-8.449999999999997513e-01,0.000000000000000000e+00
-3.299999999999999822e+00,-1.950000000000002842e-01,1.000000000000000000e+00
-4.500000000000000000e+00,-1.365000000000000213e+00,1.000000000000000000e+00
-1.699999999999999289e+00,-6.500000000000039080e-02,0.000000000000000000e+00
-3.700000000000000178e+00,-6.434999999999999609e+00,1.000000000000000000e+00
-3.700000000000000178e+00,-5.134999999999999787e+00,0.000000000000000000e+00
-2.700000000000000178e+00,-6.500000000000039080e-02,1.000000000000000000e+00
-4.900000000000000355e+00,-3.834999999999999964e+00,1.000000000000000000e+00
-3.099999999999999645e+00,-3.054999999999999716e+00,1.000000000000000000e+00
-5.300000000000000711e+00,-4.355000000000000426e+00,1.000000000000000000e+00
-7.799999999999999822e+00,-4.549999999999999822e+00,0.000000000000000000e+00
-1.999999999999992895e-01,-1.169999999999999929e+00,0.000000000000000000e+00
-7.400000000000000355e+00,-1.299999999999998934e-01,0.000000000000000000e+00
-8.599999999999999645e+00,-2.209999999999999964e+00,0.000000000000000000e+00
-9.400000000000000355e+00,-3.900000000000005684e-01,0.000000000000000000e+00
-1.799999999999998934e+00,-2.469999999999999751e+00,0.000000000000000000e+00
-3.799999999999999822e+00,-5.589999999999999858e+00,0.000000000000000000e+00
-3.000000000000000000e+00,-3.250000000000000000e+00,1.000000000000000000e+00
-6.600000000000000533e+00,-2.729999999999999538e+00,0.000000000000000000e+00
-9.800000000000000711e+00,-4.029999999999999361e+00,0.000000000000000000e+00
-6.200000000000000178e+00,-1.690000000000000391e+00,0.000000000000000000e+00
-3.399999999999999467e+00,-5.330000000000000071e+00,0.000000000000000000e+00
-5.000000000000000000e+00,-5.070000000000000284e+00,1.000000000000000000e+00
-5.799999999999999822e+00,-1.429999999999999716e+00,0.000000000000000000e+00
-1.400000000000000355e+00,-3.510000000000000231e+00,0.000000000000000000e+00
-8.199999999999999289e+00,-4.290000000000000036e+00,0.000000000000000000e+00
-7.000000000000000000e+00,-4.810000000000000497e+00,0.000000000000000000e+00
-4.599999999999999645e+00,-5.849999999999999645e+00,0.000000000000000000e+00
-6.000000000000014211e-01,-6.110000000000000320e+00,0.000000000000000000e+00
-9.000000000000000000e+00,-6.370000000000000107e+00,1.000000000000000000e+00
-5.400000000000000355e+00,-3.769999999999999574e+00,1.000000000000000000e+00
-1.000000000000000000e+00,-1.950000000000000178e+00,0.000000000000000000e+00
-2.599999999999999645e+00,-2.989999999999999769e+00,0.000000000000000000e+00
-4.199999999999999289e+00,-9.100000000000001421e-01,0.000000000000000000e+00
-2.199999999999999289e+00,-6.499999999999994671e-01,0.000000000000000000e+00
-1.290721480925839160e+00,-4.371361237099007369e-01,1.000000000000000000e+00
-4.351071876456527043e+00,-2.830540116382834537e+00,1.000000000000000000e+00
-1.177263598380719145e+00,-2.184965318434457515e-01,0.000000000000000000e+00
-8.585649259601206396e+00,-1.456592197844293501e+00,1.000000000000000000e+00
-3.589433895258399509e+00,-3.417483513972150888e+00,1.000000000000000000e+00
-8.943440237165630080e+00,-6.403591098464863407e+00,1.000000000000000000e+00
-8.837695495600426554e+00,-6.307506371017025160e+00,1.000000000000000000e+00
-1.193307101624716537e+00,-2.656484303819833137e+00,1.000000000000000000e+00
-1.183976299428223911e+00,-1.301423431887345217e+00,0.000000000000000000e+00
-9.686983100538329339e+00,-2.250113838425971124e+00,0.000000000000000000e+00
-9.405055461595647870e+00,-4.862894693914515898e+00,0.000000000000000000e+00
-9.300000000000000711e+00,-2.274999999999999467e+00,0.000000000000000000e+00
-6.999999999999992895e-01,-7.149999999999998579e-01,0.000000000000000000e+00
-3.900000000000000355e+00,-2.924999999999999822e+00,0.000000000000000000e+00
-5.099999999999999645e+00,-4.615000000000000213e+00,1.000000000000000000e+00
-6.699999999999999289e+00,-6.434999999999999609e+00,0.000000000000000000e+00
-9.900000000000000355e+00,-2.665000000000000036e+00,0.000000000000000000e+00
-8.900000000000000355e+00,-5.525000000000000355e+00,0.000000000000000000e+00
-4.100000000000000533e+00,-5.915000000000000036e+00,1.000000000000000000e+00
-1.500000000000000000e+00,-3.185000000000000053e+00,0.000000000000000000e+00
-4.500000000000000000e+00,-1.884999999999999787e+00,1.000000000000000000e+00
-3.299999999999999822e+00,-1.950000000000002842e-01,1.000000000000000000e+00
-1.699999999999999289e+00,-6.434999999999999609e+00,0.000000000000000000e+00
-4.500000000000000000e+00,-1.104999999999999538e+00,1.000000000000000000e+00
-4.299999999999998934e+00,-3.185000000000000053e+00,1.000000000000000000e+00
-7.400000000000000355e+00,-5.070000000000000284e+00,0.000000000000000000e+00
-2.199999999999999289e+00,-1.429999999999999716e+00,0.000000000000000000e+00
-1.999999999999992895e-01,-4.549999999999999822e+00,0.000000000000000000e+00
-9.800000000000000711e+00,-4.029999999999999361e+00,0.000000000000000000e+00
-2.599999999999999645e+00,-3.510000000000000231e+00,0.000000000000000000e+00
-1.799999999999998934e+00,-1.299999999999998934e-01,1.000000000000000000e+00
-3.000000000000000000e+00,-2.729999999999999538e+00,1.000000000000000000e+00
-6.000000000000014211e-01,-5.589999999999999858e+00,0.000000000000000000e+00
-5.400000000000000355e+00,-1.690000000000000391e+00,0.000000000000000000e+00
-5.000000000000000000e+00,-9.100000000000001421e-01,0.000000000000000000e+00
-9.400000000000000355e+00,-6.110000000000000320e+00,0.000000000000000000e+00
-9.000000000000000000e+00,-3.769999999999999574e+00,0.000000000000000000e+00
-1.000000000000000000e+00,-1.169999999999999929e+00,0.000000000000000000e+00
-4.599999999999999645e+00,-4.810000000000000497e+00,0.000000000000000000e+00
-8.199999999999999289e+00,-5.849999999999999645e+00,0.000000000000000000e+00
-6.200000000000000178e+00,-4.290000000000000036e+00,0.000000000000000000e+00
-7.799999999999999822e+00,-3.250000000000000000e+00,0.000000000000000000e+00
-8.599999999999999645e+00,-2.469999999999999751e+00,0.000000000000000000e+00
-1.400000000000000355e+00,-1.950000000000000178e+00,0.000000000000000000e+00
-3.799999999999999822e+00,-2.989999999999999769e+00,1.000000000000000000e+00
-4.199999999999999289e+00,-6.370000000000000107e+00,0.000000000000000000e+00
-7.000000000000000000e+00,-6.499999999999994671e-01,0.000000000000000000e+00
-6.600000000000000533e+00,-3.900000000000005684e-01,0.000000000000000000e+00
-3.399999999999999467e+00,-5.330000000000000071e+00,0.000000000000000000e+00
-5.799999999999999822e+00,-2.209999999999999964e+00,0.000000000000000000e+00
-1.846975724418676634e+00,-5.279197935338206804e-01,1.000000000000000000e+00
-2.211985162291120410e+00,-2.377730964949629211e+00,0.000000000000000000e+00
-1.695360251018328768e+00,-5.551092473918872727e-01,1.000000000000000000e+00
-2.305999939134770749e+00,-6.825924805923015981e-01,0.000000000000000000e+00
-5.238495127327529310e+00,-5.517943548554539390e+00,0.000000000000000000e+00
-1.797217395682084273e+00,-3.259413843368925701e+00,1.000000000000000000e+00
-4.975859885898346491e+00,-5.466547838180706442e+00,1.000000000000000000e+00
-6.353979372868746367e+00,-4.994651916529397440e+00,0.000000000000000000e+00
-2.700000000000000178e+00,-2.924999999999999822e+00,0.000000000000000000e+00
-3.500000000000000000e+00,-6.500000000000039080e-02,1.000000000000000000e+00
-4.900000000000000355e+00,-3.834999999999999964e+00,1.000000000000000000e+00
-4.699999999999999289e+00,-9.750000000000005329e-01,0.000000000000000000e+00
-4.500000000000000000e+00,-2.144999999999999574e+00,0.000000000000000000e+00
-7.299999999999999822e+00,-5.785000000000000142e+00,0.000000000000000000e+00
-2.299999999999999822e+00,-3.054999999999999716e+00,1.000000000000000000e+00
-5.000000000000000000e-01,-5.849999999999999645e-01,0.000000000000000000e+00
-3.700000000000000178e+00,-3.314999999999999947e+00,1.000000000000000000e+00
-1.300000000000000711e+00,-3.250000000000001776e-01,0.000000000000000000e+00
-1.699999999999999289e+00,-1.234999999999999432e+00,1.000000000000000000e+00
-8.699999999999999289e+00,-1.495000000000000107e+00,0.000000000000000000e+00
-3.900000000000000355e+00,-3.574999999999999734e+00,1.000000000000000000e+00
-1.500000000000000000e+00,-2.405000000000000249e+00,1.000000000000000000e+00
-2.299999999999999822e+00,-1.104999999999999538e+00,0.000000000000000000e+00
-3.500000000000000000e+00,-2.794999999999999485e+00,0.000000000000000000e+00
-3.700000000000000178e+00,-3.445000000000000284e+00,1.000000000000000000e+00
-7.000000000000000000e+00,-9.100000000000001421e-01,0.000000000000000000e+00
-8.599999999999999645e+00,-2.209999999999999964e+00,0.000000000000000000e+00
-2.199999999999999289e+00,-1.429999999999999716e+00,0.000000000000000000e+00
-7.400000000000000355e+00,-4.290000000000000036e+00,0.000000000000000000e+00
-1.799999999999998934e+00,-1.950000000000000178e+00,0.000000000000000000e+00
-6.200000000000000178e+00,-1.299999999999998934e-01,0.000000000000000000e+00
-4.599999999999999645e+00,-3.250000000000000000e+00,1.000000000000000000e+00
-6.600000000000000533e+00,-5.589999999999999858e+00,0.000000000000000000e+00
-9.000000000000000000e+00,-5.849999999999999645e+00,0.000000000000000000e+00
-3.000000000000000000e+00,-4.029999999999999361e+00,0.000000000000000000e+00
-7.799999999999999822e+00,-3.510000000000000231e+00,0.000000000000000000e+00
-1.000000000000000000e+00,-1.690000000000000391e+00,0.000000000000000000e+00
-6.000000000000014211e-01,-3.900000000000005684e-01,1.000000000000000000e+00
-1.999999999999992895e-01,-6.110000000000000320e+00,0.000000000000000000e+00
-9.800000000000000711e+00,-2.989999999999999769e+00,0.000000000000000000e+00
-3.399999999999999467e+00,-2.729999999999999538e+00,0.000000000000000000e+00
-8.199999999999999289e+00,-4.810000000000000497e+00,0.000000000000000000e+00
-5.400000000000000355e+00,-1.169999999999999929e+00,0.000000000000000000e+00
-5.799999999999999822e+00,-2.469999999999999751e+00,0.000000000000000000e+00
-9.400000000000000355e+00,-5.070000000000000284e+00,0.000000000000000000e+00
-1.400000000000000355e+00,-3.769999999999999574e+00,0.000000000000000000e+00
-4.199999999999999289e+00,-5.330000000000000071e+00,1.000000000000000000e+00
-2.599999999999999645e+00,-6.370000000000000107e+00,1.000000000000000000e+00
-3.799999999999999822e+00,-4.549999999999999822e+00,0.000000000000000000e+00
-5.000000000000000000e+00,-6.499999999999994671e-01,0.000000000000000000e+00
-3.921217347700033606e+00,-6.458451293363725476e+00,1.000000000000000000e+00
-4.099100843790469462e+00,-5.085534616534888031e+00,0.000000000000000000e+00
-4.269210098383695140e+00,-4.696039716557184107e+00,1.000000000000000000e+00
-9.487072155436479193e+00,-6.487031144043761799e+00,0.000000000000000000e+00
-3.737690706081541414e+00,-4.411275031677286407e-01,0.000000000000000000e+00
-3.160972656702728756e+00,-4.150046413526258249e-01,0.000000000000000000e+00
-2.508803411400752026e+00,-6.702965984939917021e-01,0.000000000000000000e+00
-4.123302644261679362e+00,-4.453315067570642327e-01,0.000000000000000000e+00
-1.861321132693644742e+00,-9.904596922481001542e-02,0.000000000000000000e+00
-1.179675857019621077e+00,-2.333847939994850407e+00,1.000000000000000000e+00
-8.186957594611206090e+00,-6.241382948007161424e+00,0.000000000000000000e+00
-2.353082094983481198e+00,-3.426993813582819293e+00,0.000000000000000000e+00
-1.481492527303506890e+00,-6.109090222380668678e-01,1.000000000000000000e+00
-7.900522276896655427e-01,-3.491852230238831734e+00,0.000000000000000000e+00
-4.786625164332240168e+00,-4.468442423677160491e+00,1.000000000000000000e+00
-4.555075973293428504e+00,-1.104005779723340908e+00,1.000000000000000000e+00
-4.527956505878321103e+00,-3.331826397648979032e+00,1.000000000000000000e+00
-1.441098726501632399e+00,-3.428902586283093967e+00,0.000000000000000000e+00
-1.500000000000000000e+00,-8.449999999999997513e-01,1.000000000000000000e+00
-4.500000000000000000e+00,-1.495000000000000107e+00,1.000000000000000000e+00
-4.299999999999998934e+00,-5.849999999999999645e-01,0.000000000000000000e+00
-5.300000000000000711e+00,-5.655000000000000249e+00,1.000000000000000000e+00
-2.099999999999999645e+00,-3.574999999999999734e+00,0.000000000000000000e+00
-7.099999999999999645e+00,-6.044999999999999929e+00,0.000000000000000000e+00
-4.100000000000000533e+00,-3.445000000000000284e+00,1.000000000000000000e+00
-9.400000000000000355e+00,-3.250000000000000000e+00,0.000000000000000000e+00
-6.600000000000000533e+00,-2.729999999999999538e+00,0.000000000000000000e+00
-6.200000000000000178e+00,-4.029999999999999361e+00,0.000000000000000000e+00
-4.599999999999999645e+00,-4.810000000000000497e+00,0.000000000000000000e+00
-8.199999999999999289e+00,-3.769999999999999574e+00,0.000000000000000000e+00
-9.000000000000000000e+00,-5.070000000000000284e+00,0.000000000000000000e+00
-6.000000000000014211e-01,-5.330000000000000071e+00,0.000000000000000000e+00
-2.599999999999999645e+00,-2.469999999999999751e+00,0.000000000000000000e+00
-5.400000000000000355e+00,-4.549999999999999822e+00,0.000000000000000000e+00
-1.799999999999998934e+00,-5.849999999999999645e+00,0.000000000000000000e+00
-4.199999999999999289e+00,-3.510000000000000231e+00,1.000000000000000000e+00
-9.800000000000000711e+00,-4.290000000000000036e+00,0.000000000000000000e+00
-3.000000000000000000e+00,-5.589999999999999858e+00,0.000000000000000000e+00
-5.000000000000000000e+00,-3.900000000000005684e-01,0.000000000000000000e+00
-3.799999999999999822e+00,-2.209999999999999964e+00,0.000000000000000000e+00
-7.799999999999999822e+00,-6.499999999999994671e-01,0.000000000000000000e+00
-1.400000000000000355e+00,-2.989999999999999769e+00,1.000000000000000000e+00
-1.000000000000000000e+00,-1.429999999999999716e+00,0.000000000000000000e+00
-5.799999999999999822e+00,-1.169999999999999929e+00,0.000000000000000000e+00
-1.999999999999992895e-01,-6.110000000000000320e+00,0.000000000000000000e+00
-8.599999999999999645e+00,-1.950000000000000178e+00,0.000000000000000000e+00
-3.399999999999999467e+00,-6.370000000000000107e+00,1.000000000000000000e+00
-2.199999999999999289e+00,-9.100000000000001421e-01,0.000000000000000000e+00
-7.000000000000000000e+00,-1.299999999999998934e-01,0.000000000000000000e+00
-7.400000000000000355e+00,-1.690000000000000391e+00,0.000000000000000000e+00
-1.686781915460247916e+00,-3.346937828403424131e+00,1.000000000000000000e+00
-3.157917293986415075e+00,-6.315259998794936713e+00,1.000000000000000000e+00
-8.266384223110666341e+00,-2.058390283433564782e+00,0.000000000000000000e+00
-1.405015833866357866e+00,-5.753037547244677086e-01,1.000000000000000000e+00
-5.337830966194708537e+00,-4.733088048159018513e+00,0.000000000000000000e+00
-4.468500869235456641e+00,-1.199439092901640969e+00,0.000000000000000000e+00
-5.061594889552423204e+00,-5.424339166982618643e+00,0.000000000000000000e+00
-4.500000000000000000e+00,-3.445000000000000284e+00,1.000000000000000000e+00
-3.099999999999999645e+00,-1.950000000000002842e-01,1.000000000000000000e+00
-8.699999999999999289e+00,-2.014999999999999680e+00,1.000000000000000000e+00
-4.299999999999998934e+00,-1.104999999999999538e+00,1.000000000000000000e+00
-5.000000000000000000e-01,-7.149999999999998579e-01,0.000000000000000000e+00
-9.699999999999999289e+00,-1.234999999999999432e+00,0.000000000000000000e+00
-1.300000000000000711e+00,-5.849999999999999645e-01,1.000000000000000000e+00
-4.699999999999999289e+00,-4.875000000000000000e+00,1.000000000000000000e+00
-2.700000000000000178e+00,-3.314999999999999947e+00,1.000000000000000000e+00
-1.099999999999999645e+00,-6.500000000000039080e-02,1.000000000000000000e+00
-5.000000000000000000e-01,-4.550000000000000711e-01,0.000000000000000000e+00
-9.900000000000000355e+00,-1.495000000000000107e+00,0.000000000000000000e+00
-3.900000000000000355e+00,-6.434999999999999609e+00,0.000000000000000000e+00
-9.099999999999999645e+00,-1.234999999999999432e+00,0.000000000000000000e+00
-4.500000000000000000e+00,-1.365000000000000213e+00,1.000000000000000000e+00
-4.900000000000000355e+00,-2.924999999999999822e+00,0.000000000000000000e+00
-4.299999999999998934e+00,-3.834999999999999964e+00,1.000000000000000000e+00
-3.900000000000000355e+00,-9.750000000000005329e-01,0.000000000000000000e+00
-1.000000000000000000e+00,-4.290000000000000036e+00,0.000000000000000000e+00
-5.000000000000000000e+00,-1.429999999999999716e+00,0.000000000000000000e+00
-9.800000000000000711e+00,-9.100000000000001421e-01,0.000000000000000000e+00
-1.999999999999992895e-01,-2.729999999999999538e+00,0.000000000000000000e+00
-2.199999999999999289e+00,-3.900000000000005684e-01,1.000000000000000000e+00
-8.599999999999999645e+00,-5.330000000000000071e+00,0.000000000000000000e+00
-6.000000000000014211e-01,-3.510000000000000231e+00,0.000000000000000000e+00
-1.799999999999998934e+00,-6.499999999999994671e-01,1.000000000000000000e+00
-7.799999999999999822e+00,-1.690000000000000391e+00,0.000000000000000000e+00
-7.000000000000000000e+00,-1.299999999999998934e-01,0.000000000000000000e+00
-1.400000000000000355e+00,-3.250000000000000000e+00,0.000000000000000000e+00
-5.799999999999999822e+00,-4.029999999999999361e+00,0.000000000000000000e+00
-3.799999999999999822e+00,-2.209999999999999964e+00,0.000000000000000000e+00
-4.199999999999999289e+00,-3.769999999999999574e+00,1.000000000000000000e+00
-3.000000000000000000e+00,-2.989999999999999769e+00,1.000000000000000000e+00
-6.600000000000000533e+00,-5.070000000000000284e+00,0.000000000000000000e+00
-8.199999999999999289e+00,-1.950000000000000178e+00,0.000000000000000000e+00
-4.599999999999999645e+00,-6.370000000000000107e+00,1.000000000000000000e+00
-9.000000000000000000e+00,-1.169999999999999929e+00,0.000000000000000000e+00
-5.400000000000000355e+00,-5.589999999999999858e+00,1.000000000000000000e+00
-2.599999999999999645e+00,-5.849999999999999645e+00,1.000000000000000000e+00
-9.400000000000000355e+00,-4.549999999999999822e+00,0.000000000000000000e+00
-6.200000000000000178e+00,-2.469999999999999751e+00,0.000000000000000000e+00
-7.400000000000000355e+00,-6.110000000000000320e+00,0.000000000000000000e+00
-3.399999999999999467e+00,-4.810000000000000497e+00,0.000000000000000000e+00
-8.644936307990779056e+00,-6.454938192882455184e+00,1.000000000000000000e+00
-7.040896588424735647e+00,-6.166302678247461699e+00,0.000000000000000000e+00
-1.820604398546834091e+00,-3.066229451885320145e+00,1.000000000000000000e+00
-5.080100046040106676e+00,-4.057469703615931067e+00,1.000000000000000000e+00
-8.895619848233243587e+00,-6.271022916081472331e+00,1.000000000000000000e+00
-6.626720481314394284e+00,-5.462077615775597472e+00,0.000000000000000000e+00
-5.864663572736335873e+00,-5.865329104107058100e+00,1.000000000000000000e+00
-5.577514003117744146e+00,-5.901160139791031156e+00,0.000000000000000000e+00
-1.474529484008602509e+00,-2.396393348108755816e+00,1.000000000000000000e+00
-4.748769253737325613e+00,-3.274455227678060965e+00,1.000000000000000000e+00
-5.700000000000000178e+00,-6.434999999999999609e+00,0.000000000000000000e+00
-5.000000000000000000e-01,-1.950000000000002842e-01,1.000000000000000000e+00
-5.500000000000000000e+00,-5.264999999999999680e+00,0.000000000000000000e+00
-4.900000000000000355e+00,-3.964999999999999858e+00,1.000000000000000000e+00
-2.500000000000000000e+00,-3.574999999999999734e+00,0.000000000000000000e+00
-1.699999999999999289e+00,-6.500000000000039080e-02,0.000000000000000000e+00
-6.099999999999999645e+00,-5.655000000000000249e+00,0.000000000000000000e+00
-1.300000000000000711e+00,-2.535000000000000142e+00,0.000000000000000000e+00
-5.300000000000000711e+00,-3.054999999999999716e+00,0.000000000000000000e+00
-5.700000000000000178e+00,-5.264999999999999680e+00,0.000000000000000000e+00
-9.000000000000003553e-01,-7.149999999999998579e-01,0.000000000000000000e+00
-5.099999999999999645e+00,-3.445000000000000284e+00,1.000000000000000000e+00
-1.500000000000000000e+00,-3.250000000000001776e-01,1.000000000000000000e+00
-3.900000000000000355e+00,-2.924999999999999822e+00,0.000000000000000000e+00
-3.500000000000000000e+00,-6.434999999999999609e+00,1.000000000000000000e+00
-3.399999999999999467e+00,-4.549999999999999822e+00,0.000000000000000000e+00
-1.400000000000000355e+00,-1.299999999999998934e-01,0.000000000000000000e+00
-5.000000000000000000e+00,-1.690000000000000391e+00,0.000000000000000000e+00
-7.799999999999999822e+00,-1.429999999999999716e+00,0.000000000000000000e+00
-7.400000000000000355e+00,-2.469999999999999751e+00,0.000000000000000000e+00
-4.199999999999999289e+00,-6.370000000000000107e+00,0.000000000000000000e+00
-6.200000000000000178e+00,-1.950000000000000178e+00,0.000000000000000000e+00
-5.799999999999999822e+00,-4.029999999999999361e+00,0.000000000000000000e+00
-9.000000000000000000e+00,-3.769999999999999574e+00,0.000000000000000000e+00
-8.599999999999999645e+00,-2.729999999999999538e+00,0.000000000000000000e+00
-1.000000000000000000e+00,-5.070000000000000284e+00,0.000000000000000000e+00
-8.199999999999999289e+00,-1.169999999999999929e+00,0.000000000000000000e+00
-2.199999999999999289e+00,-6.110000000000000320e+00,0.000000000000000000e+00
-4.599999999999999645e+00,-3.900000000000005684e-01,0.000000000000000000e+00
-9.800000000000000711e+00,-2.989999999999999769e+00,0.000000000000000000e+00
-9.400000000000000355e+00,-3.510000000000000231e+00,0.000000000000000000e+00
-6.600000000000000533e+00,-4.810000000000000497e+00,0.000000000000000000e+00
-3.000000000000000000e+00,-2.209999999999999964e+00,0.000000000000000000e+00
-3.799999999999999822e+00,-5.330000000000000071e+00,0.000000000000000000e+00
-2.599999999999999645e+00,-9.100000000000001421e-01,0.000000000000000000e+00
-6.000000000000014211e-01,-3.250000000000000000e+00,0.000000000000000000e+00
-1.799999999999998934e+00,-5.589999999999999858e+00,0.000000000000000000e+00
-7.000000000000000000e+00,-5.849999999999999645e+00,0.000000000000000000e+00
-5.400000000000000355e+00,-4.290000000000000036e+00,1.000000000000000000e+00
-1.999999999999992895e-01,-6.499999999999994671e-01,0.000000000000000000e+00
-6.299999999999999822e+00,-5.849999999999999645e-01,0.000000000000000000e+00
-4.100000000000000533e+00,-4.095000000000000639e+00,1.000000000000000000e+00
-9.099999999999999645e+00,-4.550000000000000711e-01,0.000000000000000000e+00
-8.699999999999999289e+00,-7.149999999999998579e-01,0.000000000000000000e+00
-4.299999999999998934e+00,-8.449999999999997513e-01,1.000000000000000000e+00
-3.364744738314953132e+00,-2.720174600225926831e+00,0.000000000000000000e+00
-7.835356509772271494e+00,-4.503320327543601564e+00,0.000000000000000000e+00
-8.404053337865780904e+00,-4.262827793569350376e+00,0.000000000000000000e+00
-8.456306874594714529e+00,-3.985903630966927125e-01,0.000000000000000000e+00
-9.383020435421194350e-01,-2.279868426626037170e+00,1.000000000000000000e+00
-5.262470109075444213e+00,-2.631142746962875201e+00,0.000000000000000000e+00
-1.160879693756310616e+00,-1.404008660260823049e+00,0.000000000000000000e+00
-8.233038166466885244e+00,-1.745968995616879127e+00,0.000000000000000000e+00
-9.437915918714542940e+00,-3.590267202633270927e+00,0.000000000000000000e+00
-4.984479990097394619e+00,-6.019172967411044795e+00,1.000000000000000000e+00
-4.638643670927677931e+00,-1.742463612133455797e-01,0.000000000000000000e+00
-4.424586662628328781e+00,-4.911317426018266374e+00,0.000000000000000000e+00
-1.464982034003519118e-01,-4.947051826793908091e+00,0.000000000000000000e+00
-3.896358384788979556e+00,-3.590261219582866037e+00,1.000000000000000000e+00
-9.905297045472924111e+00,-3.373665762801546730e+00,0.000000000000000000e+00
-2.431788342581082674e+00,-5.608581739313773795e-01,0.000000000000000000e+00
-2.938379868702493347e+00,-3.822171126219692905e+00,0.000000000000000000e+00
-9.162788285070259775e+00,-5.454664530718412507e+00,0.000000000000000000e+00
-4.630459277240492000e+00,-5.546460731404663669e+00,1.000000000000000000e+00
-4.628134861634086050e+00,-6.016213851036726012e+00,0.000000000000000000e+00
-9.792540337452694033e+00,-1.602093369184562022e+00,0.000000000000000000e+00
-7.145594583059811988e+00,-3.085356331862263879e+00,0.000000000000000000e+00
-9.625070653989146408e+00,-1.924316997239151839e+00,0.000000000000000000e+00
-5.701648024341592347e+00,-7.732280557402200216e-01,0.000000000000000000e+00
-8.472979994815036164e+00,-3.356181829746642364e+00,0.000000000000000000e+00
-9.938535347965359534e+00,-6.115096729688713317e+00,0.000000000000000000e+00
-8.115916074703273253e+00,-5.882189436969721186e+00,0.000000000000000000e+00
-5.372864677557310564e+00,-1.392686339354059832e+00,0.000000000000000000e+00
-7.395808038559624542e+00,-4.463328274572991639e+00,0.000000000000000000e+00
-3.955254366413285538e-02,-1.563627701401940406e+00,0.000000000000000000e+00
-3.695342341178782242e+00,-2.795182008525628703e+00,0.000000000000000000e+00
-5.682422313003939962e+00,-3.843419894267724235e+00,0.000000000000000000e+00
-3.391300456871062963e+00,-2.243938592044383284e-01,1.000000000000000000e+00
-9.997299126010846138e+00,-2.044193208928859917e+00,1.000000000000000000e+00
-5.090198864377151189e+00,-1.466664616695680046e+00,0.000000000000000000e+00
-1.125139481154203480e+00,-1.324564302165823548e+00,0.000000000000000000e+00
-9.662557548553666109e+00,-5.499419013357780273e+00,0.000000000000000000e+00
-8.262678282906355420e+00,-3.476327565274903275e+00,0.000000000000000000e+00
-9.969241234105846061e+00,-2.286530930040493459e+00,0.000000000000000000e+00
-6.797532098289633673e+00,-5.292029701501945738e+00,0.000000000000000000e+00
-8.280509826262887785e+00,-5.901577869338151316e+00,0.000000000000000000e+00
-8.959171512706804563e+00,-5.884343805978937247e+00,0.000000000000000000e+00
-1.467984217399173730e+00,-1.112268288776435021e+00,1.000000000000000000e+00
-4.397081328932976874e+00,-1.346573780605981874e+00,1.000000000000000000e+00
-3.667246499038840923e+00,-9.965866501484681450e-01,0.000000000000000000e+00
-5.096710771154775443e+00,-1.405480546969358535e+00,0.000000000000000000e+00
-7.470257982465663638e+00,-5.976780030586263948e+00,0.000000000000000000e+00
-6.222341214020747024e+00,-2.918006363817564619e-01,0.000000000000000000e+00
-9.745930001545408672e+00,-9.653705152998384165e-01,0.000000000000000000e+00
-4.284717819030782415e+00,-5.637734937540541225e+00,0.000000000000000000e+00
-9.967579651465280577e+00,-4.289041530282764469e-01,0.000000000000000000e+00
-7.681154899748554143e+00,-2.720854867696922863e+00,0.000000000000000000e+00
-4.210830019148815495e+00,-6.158341454192793663e+00,1.000000000000000000e+00
-8.982016643979827464e+00,-1.545388679041479918e+00,0.000000000000000000e+00
-3.618362638646236640e+00,-6.279890060144427189e+00,1.000000000000000000e+00
-2.000658482116915771e+00,-3.501071109478370413e+00,1.000000000000000000e+00
-5.183631405156324590e+00,-6.230672510591719337e+00,1.000000000000000000e+00
-9.859576221115993633e+00,-2.229170947852114892e+00,1.000000000000000000e+00
-5.700254838024916282e+00,-3.433573008276370686e+00,0.000000000000000000e+00
-9.417152098286765138e+00,-5.994153905914780367e+00,0.000000000000000000e+00
